x_m,pressure_pa,normalized_pressure,analytical_mode_100
-0.001,1.38683946023152,0.999998752976331,1
-0.00099,1.38666468152856,0.999872726503895,0.999876632481661
-0.00098,1.3861494845786,0.999501236996801,0.999506560365732
-0.00097,1.38529386938163,0.998884284455048,0.99888987496197
-0.00096,1.38409783593767,0.998021868878638,0.998026728428272
-0.00095,1.3825613842467,0.996913990267569,0.996917333733128
-0.00094,1.38068451430873,0.995560648621842,0.99556196460308
-0.00093,1.37846710724461,0.993961758222092,0.99396095545518
-0.00092,1.37590917388456,0.992117326877587,0.992114701314478
-0.00091,1.37301073221193,0.990027367555459,0.990023657716558
-0.0009,1.36977178222672,0.987691880255708,0.987688340595138
-0.00089,1.36619232392893,0.985110864978337,0.985109326154774
-0.00088,1.36227498291678,0.982286214945321,0.982287250728689
-0.00087,1.3580164939022,0.979215575677937,0.979222810621766
-0.00086,1.3534278989587,0.975906909207881,0.975916761938747
-0.00085,1.34850958639012,0.972360495526731,0.972369920397677
-0.00084,1.34326155619647,0.968576334634486,0.968583161128631
-0.00083,1.33768380837775,0.964554426531147,0.964557418457798
-0.00082,1.33177634293396,0.960294771216713,0.960293685676943
-0.00081,1.3255391598651,0.955797368691184,0.95579301479833
-0.0008,1.31897225917116,0.95106221895456,0.951056516295154
-0.00079,1.31207564085216,0.946089322006841,0.946085358827545
-0.00078,1.30485305482036,0.940881381771383,0.940880768954226
-0.00077,1.29731182541616,0.935443679559734,0.935444030829867
-0.00076,1.28944042202746,0.929767901073042,0.929776485888251
-0.00075,1.28125490758257,0.923865628696111,0.923879532511287
-0.00074,1.27276095569854,0.917740953464811,0.917754625683981
-0.00073,1.26395856637538,0.911393875379143,0.911403276635445
-0.00072,1.25484773961308,0.904824394439106,0.90482705246602
-0.00071,1.24542847541164,0.8980325106447,0.898027575760616
-0.0007,1.23570077377107,0.891018223995926,0.891006524188368
-0.00069,1.22566463469137,0.883781534492783,0.883765630088693
-0.00068,1.21532005817253,0.876322442135271,0.876306680043864
-0.00067,1.20467122601085,0.868643962262368,0.868631514438191
-0.00066,1.1937191344648,0.860746813239295,0.860742027003944
-0.00065,1.18246891802217,0.852634697355698,0.852640164354092
-0.00064,1.17091543338102,0.844303905966366,0.844327925502015
-0.00063,1.15908769822748,0.835775362653863,0.83580736136827
-0.00062,1.14698571256156,0.827049067418191,0.827080574274562
-0.00061,1.13460881759262,0.818124545229734,0.818149717425023
-0.0006,1.12195732719231,0.809002022409765,0.809016994374947
-0.00059,1.10903140553853,0.799681617340893,0.799684658487091
-0.00058,1.09583105263126,0.790163330023117,0.79015501237569
-0.00057,1.08235626847052,0.780447160456438,0.78043040733833
-0.00056,1.06860705305629,0.770533108640854,0.770513242775789
-0.00055,1.05458340638858,0.760421174576367,0.760405965600031
-0.00054,1.04029784402275,0.750120382768059,0.750111069630459
-0.00053,1.02575219608273,0.739632052850747,0.73963109497861
-0.00052,1.01093599180779,0.728948634745301,0.728968627421412
-0.00051,0.995883106103087,0.718094554395666,0.718126297763189
-0.0005,0.980599005831065,0.707073753754592,0.707106781186548
-0.00049,0.965083690991724,0.695886232822078,0.695912796592314
-0.00048,0.949337161585064,0.684531991598125,0.684547105928689
-0.00047,0.933359417611085,0.673011030082733,0.673012513509773
-0.00046,0.917150459069786,0.661323348275902,0.661311865323652
-0.00045,0.900710285961169,0.649468946177632,0.649448048330184
-0.00044,0.884038898285233,0.637447823787923,0.63742398974869
-0.00043,0.867145388579375,0.625266537399928,0.625242656335705
-0.00042,0.850035924043165,0.612929533953656,0.612907053652977
-0.00041,0.832706957836594,0.600434255953673,0.600420225325884
-0.0004,0.815156552107526,0.58777930608632,0.587785252292473
-0.00039,0.797412316606762,0.574984592723953,0.575005252043279
-0.00038,0.779486839900916,0.562059193017371,0.562083377852131
-0.00037,0.761380121989987,0.549003106966575,0.549022817998132
-0.00036,0.743088935637674,0.535814007530568,0.535826794978997
-0.00035,0.724619582244141,0.522496438416456,0.522498564715949
-0.00034,0.705972977843428,0.509051060142576,0.509041415750371
-0.00033,0.687149122435537,0.495477872708931,0.495458668432408
-0.00032,0.668148016020466,0.481776876115519,0.481753674101715
-0.00031,0.648969658598215,0.46794807036234,0.467929814260573
-0.0003,0.629620775723397,0.453996304998616,0.453990499739547
-0.00029,0.610133745677194,0.439944926807977,0.439939169855915
-0.00028,0.590496465698376,0.425785208935955,0.425779291565073
-0.00027,0.570708935786941,0.41151715138255,0.411514358605109
-0.00026,0.550765052738419,0.397136353352259,0.397147890634781
-0.00025,0.530691097364296,0.382661764968341,0.38268343236509
-0.00024,0.510500873504435,0.368103339670288,0.368124552684678
-0.00023,0.490192727899511,0.353459885353812,0.353474843779257
-0.00022,0.46976814958039,0.338732475704119,0.338737920245291
-0.00021,0.44922952204987,0.323922829377113,0.323917418198149
-0.0002,0.428574058140938,0.309028936649521,0.309016994374947
-0.00019,0.407814563891664,0.294060031482785,0.294040325232304
-0.00018,0.386952742901732,0.279017342279764,0.278991106039229
-0.00017,0.36598859517114,0.263900869040458,0.263873049965373
-0.00016,0.34492212069989,0.248710611764868,0.248689887164855
-0.00015,0.323753319487981,0.233446570452992,0.233445363855905
-0.00014,0.302514733830745,0.218132210153011,0.218143241396543
-0.00013,0.281214128390226,0.202773129676167,0.202787295356512
-0.00012,0.259851751920855,0.187369508390098,0.187381314585725
-0.00011,0.238428691544635,0.171922130178362,0.17192910027941
-0.0001,0.216944392325688,0.156430594897176,0.156434465040231
-9e-05,0.195392342083963,0.14089020685384,0.140901231937583
-8e-05,0.17380431726257,0.125323878868761,0.125333233564304
-7e-05,0.15218031786151,0.109731610941937,0.109734311091045
-6e-05,0.130520343880783,0.0941134030733702,0.0941083133185145
-5e-05,0.108824395320388,0.0784692552630593,0.0784590957278452
-4e-05,0.0870924721803249,0.0627991675110046,0.0627905195293133
-3e-05,0.0653305075787116,0.0471074179697164,0.0471064507096427
-2e-05,0.0435681652022443,0.031415396028923,0.0314107590781284
-1e-05,0.0217949452376631,0.0157155306607818,0.0157073173118209
0,1.08476849680437e-05,7.82186529283846e-06,6.12323399573677e-17
1e-05,-0.0217841274558409,-0.0157077303575438,-0.0157073173118205
2e-05,-0.0435800462713993,-0.0314239630294156,-0.0314107590781285
3e-05,-0.0653514544690434,-0.0471225219992824,-0.0471064507096428
4e-05,-0.0870970800509111,-0.0628024900764293,-0.0627905195293134
5e-05,-0.108816923017003,-0.0784638672608563,-0.0784590957278447
6e-05,-0.130510983367318,-0.0941066535525636,-0.0941083133185142
7e-05,-0.152179261101856,-0.109730848951551,-0.109734311091045
8e-05,-0.173820373606118,-0.125335456505528,-0.125333233564304
9e-05,-0.195413544409672,-0.14090549506843,-0.140901231937583
0.0001,-0.216951900196763,-0.156436008545928,-0.156434465040231
0.00011,-0.238435440967392,-0.171926996938022,-0.17192910027941
0.00012,-0.25987077953727,-0.187383228502075,-0.187381314585725
0.00013,-0.281239404363576,-0.202791355247731,-0.202787295356512
0.00014,-0.302530878074899,-0.218143851171662,-0.218143241396542
0.00015,-0.323745200671238,-0.233440716273867,-0.233445363855905
0.00016,-0.344882372152595,-0.248681950554347,-0.248689887164855
0.00017,-0.365942392518967,-0.263867554013102,-0.263873049965373
0.00018,-0.386925473016,-0.278997678971568,-0.278991106039229
0.00019,-0.407820453925391,-0.294064278568732,-0.294040325232304
0.0002,-0.428594991495135,-0.30904403091868,-0.309016994374948
0.00021,-0.449249085725232,-0.323936936021412,-0.323917418198149
0.00022,-0.469782908133517,-0.33874311755211,-0.338737920245291
0.00023,-0.490201268216197,-0.353466043460991,-0.353474843779257
0.00024,-0.510504760393795,-0.368106142362758,-0.368124552684678
0.00025,-0.53069338466631,-0.38266341425741,-0.38268343236509
0.00026,-0.550767141033742,-0.397137859144947,-0.39714789063478
0.00027,-0.570688860892424,-0.411502676116985,-0.411514358605109
0.00028,-0.590467175311763,-0.425764088719141,-0.425779291565073
0.00029,-0.610102168331879,-0.439922157549644,-0.439939169855915
0.0003,-0.629593839952774,-0.453976882608494,-0.453990499739546
0.00031,-0.648942190174446,-0.467928263895692,-0.467929814260573
0.00032,-0.668133772230901,-0.481766605444536,-0.481753674101715
0.00033,-0.687146113743868,-0.495475703252405,-0.495458668432408
0.00034,-0.705978884191569,-0.509055318992245,-0.509041415750371
0.00035,-0.724632083574006,-0.522505452664055,-0.522498564715949
0.00036,-0.7431093808906,-0.535828749847914,-0.535826794978997
0.00037,-0.76139992337545,-0.549017385014855,-0.549022817998132
0.00038,-0.779502121163363,-0.562070211771761,-0.562083377852131
0.00039,-0.797415974254337,-0.574987230118633,-0.575005252043279
0.0004,-0.815141482648374,-0.587768440055469,-0.587785252292473
0.00041,-0.832678733474736,-0.600413904407967,-0.600420225325884
0.00042,-0.85001183730994,-0.612912165899257,-0.612907053652976
0.00043,-0.867123561855064,-0.625250798954551,-0.625242656335705
0.00044,-0.88401390711011,-0.637429803573849,-0.63742398974869
0.00045,-0.900682873075075,-0.649449179757152,-0.649448048330184
0.00046,-0.917130459749962,-0.661308927504459,-0.661311865323652
0.00047,-0.933360012074803,-0.673011458728581,-0.673012513509773
0.00048,-0.949362004927115,-0.684549905215225,-0.684547105928689
0.00049,-0.965122210112011,-0.695914007538155,-0.695912796592314
0.0005,-0.980640627629492,-0.70710376569737,-0.707106781186547
0.00051,-0.995917257479559,-0.718119179692871,-0.718126297763189
0.00052,-1.01095209966221,-0.728960249524657,-0.728968627421411
0.00053,-1.02574515417744,-0.739626975192729,-0.73963109497861
0.00054,-1.04029294426692,-0.750116849734956,-0.750111069630459
0.00055,-1.05457551096547,-0.760415481478148,-0.760405965600031
0.00056,-1.06858971069619,-0.770520603705013,-0.770513242775789
0.00057,-1.0823355586174,-0.780432227345662,-0.78043040733833
0.00058,-1.09581547942621,-0.790152100759687,-0.79015501237569
0.00059,-1.10903116719322,-0.799681445478891,-0.79968465848709
0.0006,-1.12197464135674,-0.809014507014751,-0.809016994374947
0.00061,-1.13463653288782,-0.818144529706262,-0.818149717425023
0.00062,-1.14701683529234,-0.827071508870763,-0.827080574274562
0.00063,-1.15911554857032,-0.835795444508254,-0.83580736136827
0.00064,-1.17093267272174,-0.844316336618736,-0.844327925502015
0.00065,-1.18246820774662,-0.852634185202208,-0.852640164354092
0.00066,-1.19371353553279,-0.860742776056051,-0.860742027003944
0.00067,-1.20466544937989,-0.868639796946974,-0.868631514438191
0.00068,-1.21531066857446,-0.876315671642634,-0.876306680043864
0.00069,-1.22564919311651,-0.883770400143029,-0.883765630088693
0.0007,-1.23568102300603,-0.891003982448161,-0.891006524188368
0.00071,-1.24540615824302,-0.898016418558028,-0.898027575760616
0.00072,-1.25482459882748,-0.904807708472631,-0.90482705246602
0.00073,-1.26394438723279,-0.911383651322713,-0.911403276635445
0.00074,-1.27276461017604,-0.917743588573669,-0.917754625683981
0.00075,-1.28127070630874,-0.923877020574498,-0.923879532511287
0.00076,-1.28945018499064,-0.929774940785485,-0.929776485888251
0.00077,-1.29731091811024,-0.935443025334919,-0.935444030829867
0.00078,-1.30485286590027,-0.940881245548082,-0.940880768954225
0.00079,-1.31208271514666,-0.946094423019532,-0.946085358827545
0.0008,-1.31898301436158,-0.951069974125448,-0.951056516295154
0.00081,-1.3255518445991,-0.955806515184735,-0.95579301479833
0.00082,-1.3317892058592,-0.960304046197393,-0.960293685676943
0.00083,-1.3376950981419,-0.96456256716342,-0.964557418457798
0.00084,-1.34326925905932,-0.96858188888461,-0.968583161128631
0.00085,-1.34851185957112,-0.972362134633657,-0.972369920397677
0.00086,-1.35342319162971,-0.975903514926673,-0.975916761938747
0.00087,-1.35800325523508,-0.979206029763656,-0.979222810621766
0.00088,-1.36225205038725,-0.982269679144608,-0.982287250728689
0.00089,-1.36616957708621,-0.985094463069528,-0.985109326154774
0.0009,-1.36975583533195,-0.987680381538416,-0.987688340595138
0.00091,-1.37300913766896,-0.990026217789368,-0.990023657716558
0.00092,-1.37590903182646,-0.99211722444473,-0.992114701314478
0.00093,-1.37846814855878,-0.993962509075307,-0.99396095545518
0.00094,-1.38068653359101,-0.995562104651771,-0.99556196460308
0.00095,-1.38256418692314,-0.996916011174119,-0.996917333733128
0.00096,-1.38410110855518,-0.998024228642352,-0.998026728428272
0.00097,-1.38529729848713,-0.998886757056471,-0.99888987496197
0.00098,-1.38615275671899,-0.999503596416474,-0.999506560365732
0.00099,-1.38666748325074,-0.999874746722362,-0.999876632481661
0.001,-1.38684118965531,-1,-1
